"1.","Angļu v.","J.G.Herdera Rīgas Grīziņkalna vidusskola","54.9"
"","Bio.","J.G.Herdera Rīgas Grīziņkalna vidusskola","60.33"
"","Fiz.","J.G.Herdera Rīgas Grīziņkalna vidusskola","32.67"
"","Latv. val.","J.G.Herdera Rīgas Grīziņkalna vidusskola","38.07"
"","Vēsture","J.G.Herdera Rīgas Grīziņkalna vidusskola","41.53"
"","Matem.","J.G.Herdera Rīgas Grīziņkalna vidusskola","30.04"
"","Vācu val.","J.G.Herdera Rīgas Grīziņkalna vidusskola","76.04"
"","Latv. val. 9.kl.","J.G.Herdera Rīgas Grīziņkalna vidusskola","69.36"
"","Latv. val. 9.kl.","Jankas Kupalas Rīgas Baltkrievu pamatskola","54.69"
"","Angļu v.","Privātā Rīgas Tehnolingvistiskā ģimnāzija","66.28"
"","Bio.","Privātā Rīgas Tehnolingvistiskā ģimnāzija","60"
"","Latv. val.","Privātā Rīgas Tehnolingvistiskā ģimnāzija","36.84"
"","Matem.","Privātā Rīgas Tehnolingvistiskā ģimnāzija","29.22"
"","Latv. val. 9.kl.","Privātā Rīgas Tehnolingvistiskā ģimnāzija","72.5"
"","Angļu v.","Rīgas 1. Privātā tālmācības vidusskola","50.45"
"","Bio.","Rīgas 1. Privātā tālmācības vidusskola","20"
"","Krievu v.","Rīgas 1. Privātā tālmācības vidusskola","56.77"
"","Latv. val.","Rīgas 1. Privātā tālmācības vidusskola","38.37"
"","Vēsture","Rīgas 1. Privātā tālmācības vidusskola","35.08"
"","Matem.","Rīgas 1. Privātā tālmācības vidusskola","12.28"
"","Vācu val.","Rīgas 1. Privātā tālmācības vidusskola","52"
"","Angļu v.","Rīgas 1. Tālmācības vidusskola","60.52"
"","Bio.","Rīgas 1. Tālmācības vidusskola","33.13"
"","Fiz.","Rīgas 1. Tālmācības vidusskola","24.44"
"","Krievu v.","Rīgas 1. Tālmācības vidusskola","67.09"
"","Latv. val.","Rīgas 1. Tālmācības vidusskola","46.74"
"","Vēsture","Rīgas 1. Tālmācības vidusskola","43.7"
"","Matem.","Rīgas 1. Tālmācības vidusskola","16.01"
"","Vācu val.","Rīgas 1. Tālmācības vidusskola","82.7"
"","Angļu v.","Rīgas 1. vidusskola","52.23"
"","Bio.","Rīgas 1. vidusskola","56"
"","Fiz.","Rīgas 1. vidusskola","42.33"
"","Krievu v.","Rīgas 1. vidusskola","75.3"
"","Latv. val.","Rīgas 1. vidusskola","37.48"
"","Vēsture","Rīgas 1. vidusskola","43.09"
"","Matem.","Rīgas 1. vidusskola","17.77"
"","Vācu val.","Rīgas 1. vidusskola","55.37"
"","Latv. val. 9.kl.","Rīgas 1. vidusskola","61.53"
"","Angļu v.","Rīgas 10. vidusskola","73.34"
"","Bio.","Rīgas 10. vidusskola","65.08"
"","Fiz.","Rīgas 10. vidusskola","47.07"
"","Ķīm.","Rīgas 10. vidusskola","67.5"
"","Latv. val.","Rīgas 10. vidusskola","54.15"
"","Matem.","Rīgas 10. vidusskola","51.99"
"","Vācu val.","Rīgas 10. vidusskola","85.92"
"","Latv. val. 9.kl.","Rīgas 10. vidusskola","77.78"
"","Angļu v.","Rīgas 13. vidusskola","65.42"
"","Bio.","Rīgas 13. vidusskola","60.5"
"","Fiz.","Rīgas 13. vidusskola","47.44"
"","Ķīm.","Rīgas 13. vidusskola","75.67"
"","Latv. val.","Rīgas 13. vidusskola","49.79"
"","Matem.","Rīgas 13. vidusskola","55.7"
"","Latv. val. 9.kl.","Rīgas 13. vidusskola","70.11"
"","Angļu v.","Rīgas 14. vakara (maiņu) vidusskola","51.57"
"","Bio.","Rīgas 14. vakara (maiņu) vidusskola","50.67"
"","Fiz.","Rīgas 14. vakara (maiņu) vidusskola","19.33"
"","Krievu v.","Rīgas 14. vakara (maiņu) vidusskola","70.76"
"","Latv. val.","Rīgas 14. vakara (maiņu) vidusskola","34.91"
"","Vēsture","Rīgas 14. vakara (maiņu) vidusskola","32.72"
"","Matem.","Rīgas 14. vakara (maiņu) vidusskola","13.17"
"","Angļu v.","Rīgas 15. vidusskola","43.23"
"","Bio.","Rīgas 15. vidusskola","47.33"
"","Fiz.","Rīgas 15. vidusskola","32.33"
"","Ķīm.","Rīgas 15. vidusskola","61.33"
"","Latv. val.","Rīgas 15. vidusskola","35.62"
"","Matem.","Rīgas 15. vidusskola","28.49"
"","Latv. val. 9.kl.","Rīgas 15. vidusskola","62.01"
"","Angļu v.","Rīgas 18. vakara (maiņu) vidusskola","41.4"
"","Krievu v.","Rīgas 18. vakara (maiņu) vidusskola","67.84"
"","Latv. val.","Rīgas 18. vakara (maiņu) vidusskola","31.82"
"","Vēsture","Rīgas 18. vakara (maiņu) vidusskola","34.95"
"","Matem.","Rīgas 18. vakara (maiņu) vidusskola","13.87"
"","Latv. val. 9.kl.","Rīgas 18. vakara (maiņu) vidusskola","47.5"
"","Angļu v.","Rīgas 21. vidusskola","57.35"
"","Bio.","Rīgas 21. vidusskola","58.44"
"","Fiz.","Rīgas 21. vidusskola","23.67"
"","Ķīm.","Rīgas 21. vidusskola","50"
"","Latv. val.","Rīgas 21. vidusskola","32.77"
"","Matem.","Rīgas 21. vidusskola","30.65"
"","Latv. val. 9.kl.","Rīgas 21. vidusskola","64.39"
"","Angļu v.","Rīgas 22. vidusskola","71.91"
"","Bio.","Rīgas 22. vidusskola","75"
"","Fiz.","Rīgas 22. vidusskola","31.33"
"","Ķīm.","Rīgas 22. vidusskola","49.67"
"","Latv. val.","Rīgas 22. vidusskola","45.86"
"","Vēsture","Rīgas 22. vidusskola","72.78"
"","Matem.","Rīgas 22. vidusskola","54.93"
"","Latv. val. 9.kl.","Rīgas 22. vidusskola","67.47"
"","Angļu v.","Rīgas 25. vidusskola","76.93"
"","Bio.","Rīgas 25. vidusskola","53.67"
"","Fiz.","Rīgas 25. vidusskola","45.11"
"","Krievu v.","Rīgas 25. vidusskola","74.08"
"","Latv. val.","Rīgas 25. vidusskola","58.96"
"","Vēsture","Rīgas 25. vidusskola","50.56"
"","Matem.","Rīgas 25. vidusskola","39.52"
"","Vācu val.","Rīgas 25. vidusskola","89.25"
"","Angļu v.","Rīgas 28. vidusskola","58.87"
"","Bio.","Rīgas 28. vidusskola","57.33"
"","Krievu v.","Rīgas 28. vidusskola","70.52"
"","Latv. val.","Rīgas 28. vidusskola","55.48"
"","Matem.","Rīgas 28. vidusskola","20"
"","Angļu v.","Rīgas 29. vidusskola","32.83"
"","Latv. val.","Rīgas 29. vidusskola","21.31"
"","Matem.","Rīgas 29. vidusskola","14.6"
"","Latv. val. 9.kl.","Rīgas 29. vidusskola","57.9"
"","Angļu v.","Rīgas 31. vidusskola","78.39"
"","Fiz.","Rīgas 31. vidusskola","46.44"
"","Krievu v.","Rīgas 31. vidusskola","76.09"
"","Latv. val.","Rīgas 31. vidusskola","63.84"
"","Vēsture","Rīgas 31. vidusskola","45.16"
"","Matem.","Rīgas 31. vidusskola","39.78"
"","Angļu v.","Rīgas 33. vidusskola","69.39"
"","Latv. val.","Rīgas 33. vidusskola","46"
"","Matem.","Rīgas 33. vidusskola","38.62"
"","Latv. val. 9.kl.","Rīgas 33. vidusskola","69.79"
"","Angļu v.","Rīgas 34. vidusskola","75.9"
"","Bio.","Rīgas 34. vidusskola","65.24"
"","Fiz.","Rīgas 34. vidusskola","56"
"","Ķīm.","Rīgas 34. vidusskola","60.95"
"","Latv. val.","Rīgas 34. vidusskola","59.76"
"","Vēsture","Rīgas 34. vidusskola","72.98"
"","Matem.","Rīgas 34. vidusskola","58.72"
"","Latv. val. 9.kl.","Rīgas 34. vidusskola","71.9"
"","Latv. val. 9.kl.","Rīgas 37. vidusskola","53.84"
"","Latv. val. 9.kl.","Rīgas 4. speciālā internātpamatskola","30.73"
"","Angļu v.","Rīgas 40. vidusskola","79.78"
"","Bio.","Rīgas 40. vidusskola","64.5"
"","Fiz.","Rīgas 40. vidusskola","51.33"
"","Ķīm.","Rīgas 40. vidusskola","60.67"
"","Latv. val.","Rīgas 40. vidusskola","51.81"
"","Vēsture","Rīgas 40. vidusskola","68.15"
"","Matem.","Rīgas 40. vidusskola","62.11"
"","Latv. val. 9.kl.","Rīgas 40. vidusskola","78.08"
"","Angļu v.","Rīgas 41. vidusskola","65.49"
"","Krievu v.","Rīgas 41. vidusskola","59.51"
"","Latv. val.","Rīgas 41. vidusskola","57.43"
"","Matem.","Rīgas 41. vidusskola","32.92"
"","Angļu v.","Rīgas 45. vidusskola","72.18"
"","Bio.","Rīgas 45. vidusskola","50"
"","Fiz.","Rīgas 45. vidusskola","25.33"
"","Krievu v.","Rīgas 45. vidusskola","57.92"
"","Ķīm.","Rīgas 45. vidusskola","26"
"","Latv. val.","Rīgas 45. vidusskola","62.64"
"","Vēsture","Rīgas 45. vidusskola","57.56"
"","Matem.","Rīgas 45. vidusskola","27.9"
"","Angļu v.","Rīgas 46. vidusskola","64.21"
"","Ķīm.","Rīgas 46. vidusskola","75"
"","Latv. val.","Rīgas 46. vidusskola","45.38"
"","Vēsture","Rīgas 46. vidusskola","85.48"
"","Matem.","Rīgas 46. vidusskola","30.54"
"","Latv. val. 9.kl.","Rīgas 46. vidusskola","57.35"
"","Angļu v.","Rīgas 47. vidusskola","63.7"
"","Bio.","Rīgas 47. vidusskola","76"
"","Fiz.","Rīgas 47. vidusskola","47.33"
"","Latv. val.","Rīgas 47. vidusskola","63.77"
"","Matem.","Rīgas 47. vidusskola","33.12"
"","Angļu v.","Rīgas 49. vidusskola","71.22"
"","Bio.","Rīgas 49. vidusskola","53.04"
"","Fiz.","Rīgas 49. vidusskola","47.33"
"","Krievu v.","Rīgas 49. vidusskola","64.71"
"","Ķīm.","Rīgas 49. vidusskola","53.6"
"","Latv. val.","Rīgas 49. vidusskola","64.88"
"","Vēsture","Rīgas 49. vidusskola","72.45"
"","Matem.","Rīgas 49. vidusskola","50.89"
"","Angļu v.","Rīgas 51. vidusskola","50.16"
"","Latv. val.","Rīgas 51. vidusskola","36.7"
"","Matem.","Rīgas 51. vidusskola","37.54"
"","Latv. val. 9.kl.","Rīgas 51. vidusskola","62.89"
"","Angļu v.","Rīgas 53. vidusskola","53.58"
"","Bio.","Rīgas 53. vidusskola","64"
"","Fiz.","Rīgas 53. vidusskola","34"
"","Ķīm.","Rīgas 53. vidusskola","73.33"
"","Latv. val.","Rīgas 53. vidusskola","38.04"
"","Vēsture","Rīgas 53. vidusskola","73.39"
"","Matem.","Rīgas 53. vidusskola","28.66"
"","Latv. val. 9.kl.","Rīgas 53. vidusskola","69.71"
"","Angļu v.","Rīgas 54. vidusskola","59.58"
"","Ķīm.","Rīgas 54. vidusskola","45.33"
"","Latv. val.","Rīgas 54. vidusskola","44.59"
"","Matem.","Rīgas 54. vidusskola","31.99"
"","Latv. val. 9.kl.","Rīgas 54. vidusskola","61.4"
"","Angļu v.","Rīgas 6. vidusskola","71.03"
"","Bio.","Rīgas 6. vidusskola","57"
"","Fiz.","Rīgas 6. vidusskola","34"
"","Krievu v.","Rīgas 6. vidusskola","78.51"
"","Ķīm.","Rīgas 6. vidusskola","56.67"
"","Latv. val.","Rīgas 6. vidusskola","65.43"
"","Vēsture","Rīgas 6. vidusskola","61.69"
"","Matem.","Rīgas 6. vidusskola","38.03"
"","Angļu v.","Rīgas 60. vidusskola","55.19"
"","Bio.","Rīgas 60. vidusskola","51.33"
"","Ķīm.","Rīgas 60. vidusskola","50.67"
"","Latv. val.","Rīgas 60. vidusskola","38.92"
"","Vēsture","Rīgas 60. vidusskola","74.6"
"","Matem.","Rīgas 60. vidusskola","34.73"
"","Latv. val. 9.kl.","Rīgas 60. vidusskola","60.14"
"","Angļu v.","Rīgas 61. vidusskola","53.97"
"","Latv. val.","Rīgas 61. vidusskola","32.67"
"","Matem.","Rīgas 61. vidusskola","24.02"
"","Latv. val. 9.kl.","Rīgas 61. vidusskola","67.61"
"","Angļu v.","Rīgas 63. vidusskola","59.33"
"","Bio.","Rīgas 63. vidusskola","56.89"
"","Fiz.","Rīgas 63. vidusskola","47"
"","Ķīm.","Rīgas 63. vidusskola","19.33"
"","Latv. val.","Rīgas 63. vidusskola","35.01"
"","Vēsture","Rīgas 63. vidusskola","53.83"
"","Matem.","Rīgas 63. vidusskola","36.13"
"","Latv. val. 9.kl.","Rīgas 63. vidusskola","59.87"
"","Angļu v.","Rīgas 64. vidusskola","81.29"
"","Bio.","Rīgas 64. vidusskola","67.61"
"","Fiz.","Rīgas 64. vidusskola","54.58"
"","Krievu v.","Rīgas 64. vidusskola","76.01"
"","Ķīm.","Rīgas 64. vidusskola","58.22"
"","Latv. val.","Rīgas 64. vidusskola","73.69"
"","Vēsture","Rīgas 64. vidusskola","78.12"
"","Matem.","Rīgas 64. vidusskola","57.79"
"","Vācu val.","Rīgas 64. vidusskola","77.91"
"","Angļu v.","Rīgas 65. vidusskola","45.78"
"","Bio.","Rīgas 65. vidusskola","50.67"
"","Fiz.","Rīgas 65. vidusskola","42.33"
"","Ķīm.","Rīgas 65. vidusskola","82.67"
"","Latv. val.","Rīgas 65. vidusskola","33.03"
"","Matem.","Rīgas 65. vidusskola","27.65"
"","Latv. val. 9.kl.","Rīgas 65. vidusskola","63.04"
"","Angļu v.","Rīgas 66. speciālā vidusskola","71.84"
"","Bio.","Rīgas 66. speciālā vidusskola","42"
"","Fiz.","Rīgas 66. speciālā vidusskola","65.67"
"","Latv. val.","Rīgas 66. speciālā vidusskola","56.64"
"","Vēsture","Rīgas 66. speciālā vidusskola","61.02"
"","Matem.","Rīgas 66. speciālā vidusskola","41.6"
"","Latv. val. 9.kl.","Rīgas 66. speciālā vidusskola","61.97"
"","Angļu v.","Rīgas 71. vidusskola","64.93"
"","Fiz.","Rīgas 71. vidusskola","42"
"","Ķīm.","Rīgas 71. vidusskola","65.33"
"","Latv. val.","Rīgas 71. vidusskola","44.65"
"","Matem.","Rīgas 71. vidusskola","46.51"
"","Latv. val. 9.kl.","Rīgas 71. vidusskola","70.88"
"","Angļu v.","Rīgas 72. vidusskola","62.22"
"","Bio.","Rīgas 72. vidusskola","67"
"","Fiz.","Rīgas 72. vidusskola","61.78"
"","Ķīm.","Rīgas 72. vidusskola","78"
"","Latv. val.","Rīgas 72. vidusskola","46.92"
"","Matem.","Rīgas 72. vidusskola","44.63"
"","Latv. val. 9.kl.","Rīgas 72. vidusskola","69.26"
"","Angļu v.","Rīgas 74. vidusskola","59.9"
"","Bio.","Rīgas 74. vidusskola","56.53"
"","Ķīm.","Rīgas 74. vidusskola","51"
"","Latv. val.","Rīgas 74. vidusskola","42.85"
"","Vēsture","Rīgas 74. vidusskola","41.33"
"","Matem.","Rīgas 74. vidusskola","42.79"
"","Latv. val. 9.kl.","Rīgas 74. vidusskola","69.71"
"","Angļu v.","Rīgas 75. vidusskola","63.27"
"","Fiz.","Rīgas 75. vidusskola","42.67"
"","Latv. val.","Rīgas 75. vidusskola","40.37"
"","Matem.","Rīgas 75. vidusskola","37.22"
"","Latv. val. 9.kl.","Rīgas 75. vidusskola","64.85"
"","Angļu v.","Rīgas 80. vidusskola","60.29"
"","Bio.","Rīgas 80. vidusskola","60.17"
"","Ķīm.","Rīgas 80. vidusskola","69"
"","Latv. val.","Rīgas 80. vidusskola","36.49"
"","Matem.","Rīgas 80. vidusskola","35.6"
"","Latv. val. 9.kl.","Rīgas 80. vidusskola","64.92"
"","Angļu v.","Rīgas 84. vidusskola","75.32"
"","Bio.","Rīgas 84. vidusskola","62.52"
"","Fiz.","Rīgas 84. vidusskola","30.33"
"","Krievu v.","Rīgas 84. vidusskola","78.65"
"","Ķīm.","Rīgas 84. vidusskola","72"
"","Latv. val.","Rīgas 84. vidusskola","63.05"
"","Vēsture","Rīgas 84. vidusskola","48.96"
"","Matem.","Rīgas 84. vidusskola","47.38"
"","Angļu v.","Rīgas 85. vidusskola","76.95"
"","Bio.","Rīgas 85. vidusskola","56.67"
"","Latv. val.","Rīgas 85. vidusskola","56.77"
"","Vēsture","Rīgas 85. vidusskola","44.35"
"","Matem.","Rīgas 85. vidusskola","45.82"
"","Angļu v.","Rīgas 86. vidusskola","55.19"
"","Fiz.","Rīgas 86. vidusskola","38.67"
"","Ķīm.","Rīgas 86. vidusskola","32.67"
"","Latv. val.","Rīgas 86. vidusskola","32.93"
"","Vēsture","Rīgas 86. vidusskola","75.81"
"","Matem.","Rīgas 86. vidusskola","42.05"
"","Latv. val. 9.kl.","Rīgas 86. vidusskola","58.19"
"","Angļu v.","Rīgas 88. vidusskola","66.24"
"","Bio.","Rīgas 88. vidusskola","67.89"
"","Fiz.","Rīgas 88. vidusskola","63.78"
"","Ķīm.","Rīgas 88. vidusskola","51.44"
"","Latv. val.","Rīgas 88. vidusskola","38.9"
"","Vēsture","Rīgas 88. vidusskola","61.29"
"","Matem.","Rīgas 88. vidusskola","42.41"
"","Vācu val.","Rīgas 88. vidusskola","78.87"
"","Latv. val. 9.kl.","Rīgas 88. vidusskola","64.72"
"","Angļu v.","Rīgas 89. vidusskola","60.38"
"","Fiz.","Rīgas 89. vidusskola","41.33"
"","Latv. val.","Rīgas 89. vidusskola","37.72"
"","Matem.","Rīgas 89. vidusskola","37.65"
"","Latv. val. 9.kl.","Rīgas 89. vidusskola","58.16"
"","Angļu v.","Rīgas 9. vakara (maiņu) vidusskola","41.87"
"","Fiz.","Rīgas 9. vakara (maiņu) vidusskola","8"
"","Krievu v.","Rīgas 9. vakara (maiņu) vidusskola","63.78"
"","Latv. val.","Rīgas 9. vakara (maiņu) vidusskola","34.61"
"","Vēsture","Rīgas 9. vakara (maiņu) vidusskola","36.99"
"","Matem.","Rīgas 9. vakara (maiņu) vidusskola","16.23"
"","Latv. val. 9.kl.","Rīgas 9. vakara (maiņu) vidusskola","53.81"
"","Angļu v.","Rīgas 92. vidusskola","50.74"
"","Bio.","Rīgas 92. vidusskola","74.67"
"","Fiz.","Rīgas 92. vidusskola","54.5"
"","Ķīm.","Rīgas 92. vidusskola","70.67"
"","Latv. val.","Rīgas 92. vidusskola","34.69"
"","Matem.","Rīgas 92. vidusskola","35.11"
"","Latv. val. 9.kl.","Rīgas 92. vidusskola","63.29"
"","Angļu v.","Rīgas 93. vidusskola","70.97"
"","Krievu v.","Rīgas 93. vidusskola","78.35"
"","Latv. val.","Rīgas 93. vidusskola","63.16"
"","Matem.","Rīgas 93. vidusskola","26.41"
"","Vācu val.","Rīgas 93. vidusskola","52.5"
"","Angļu v.","Rīgas 94. vidusskola","69.5"
"","Bio.","Rīgas 94. vidusskola","60"
"","Fiz.","Rīgas 94. vidusskola","32.67"
"","Krievu v.","Rīgas 94. vidusskola","77.83"
"","Latv. val.","Rīgas 94. vidusskola","62.09"
"","Vēsture","Rīgas 94. vidusskola","58.47"
"","Matem.","Rīgas 94. vidusskola","39.97"
"","Angļu v.","Rīgas 95. vidusskola","58.87"
"","Bio.","Rīgas 95. vidusskola","47.89"
"","Fiz.","Rīgas 95. vidusskola","28.33"
"","Ķīm.","Rīgas 95. vidusskola","65.33"
"","Latv. val.","Rīgas 95. vidusskola","40.53"
"","Vēsture","Rīgas 95. vidusskola","58.2"
"","Matem.","Rīgas 95. vidusskola","43.11"
"","Latv. val. 9.kl.","Rīgas 95. vidusskola","65.69"
"","Angļu v.","Rīgas 96. vidusskola","66.61"
"","Bio.","Rīgas 96. vidusskola","59.56"
"","Fiz.","Rīgas 96. vidusskola","60.67"
"","Ķīm.","Rīgas 96. vidusskola","79.67"
"","Latv. val.","Rīgas 96. vidusskola","47.19"
"","Matem.","Rīgas 96. vidusskola","50.59"
"","Latv. val. 9.kl.","Rīgas 96. vidusskola","64.82"
"","Angļu v.","Rīgas Angļu ģimnāzija","82.14"
"","Bio.","Rīgas Angļu ģimnāzija","65.27"
"","Fiz.","Rīgas Angļu ģimnāzija","36.22"
"","Krievu v.","Rīgas Angļu ģimnāzija","72.72"
"","Ķīm.","Rīgas Angļu ģimnāzija","48"
"","Latv. val.","Rīgas Angļu ģimnāzija","62.34"
"","Vēsture","Rīgas Angļu ģimnāzija","75.6"
"","Matem.","Rīgas Angļu ģimnāzija","45.23"
"","Angļu v.","Rīgas Anniņmuižas vidusskola","57.18"
"","Bio.","Rīgas Anniņmuižas vidusskola","68.22"
"","Fiz.","Rīgas Anniņmuižas vidusskola","61.5"
"","Ķīm.","Rīgas Anniņmuižas vidusskola","74.5"
"","Latv. val.","Rīgas Anniņmuižas vidusskola","39.89"
"","Matem.","Rīgas Anniņmuižas vidusskola","45.56"
"","Latv. val. 9.kl.","Rīgas Anniņmuižas vidusskola","62.26"
"","Latv. val. 9.kl.","Rīgas Austrumu vidusskola","49.98"
"","Angļu v.","Rīgas Centra humanitārā vidusskola","90.22"
"","Bio.","Rīgas Centra humanitārā vidusskola","68.33"
"","Fiz.","Rīgas Centra humanitārā vidusskola","42.67"
"","Krievu v.","Rīgas Centra humanitārā vidusskola","87.3"
"","Ķīm.","Rīgas Centra humanitārā vidusskola","68.44"
"","Latv. val.","Rīgas Centra humanitārā vidusskola","71.79"
"","Vēsture","Rīgas Centra humanitārā vidusskola","79.44"
"","Matem.","Rīgas Centra humanitārā vidusskola","43.25"
"","Vācu val.","Rīgas Centra humanitārā vidusskola","69.18"
"","Angļu v.","Rīgas Centra krievu privātģimnāzija","65.49"
"","Angļu v.","Rīgas Daugavgrīvas vidusskola","58.69"
"","Latv. val.","Rīgas Daugavgrīvas vidusskola","34.43"
"","Matem.","Rīgas Daugavgrīvas vidusskola","48.96"
"","Latv. val. 9.kl.","Rīgas Daugavgrīvas vidusskola","64.64"
"","Angļu v.","Rīgas Franču licejs","87.63"
"","Bio.","Rīgas Franču licejs","66.5"
"","Fiz.","Rīgas Franču licejs","36.07"
"","Krievu v.","Rīgas Franču licejs","76.63"
"","Ķīm.","Rīgas Franču licejs","90"
"","Latv. val.","Rīgas Franču licejs","75.41"
"","Vēsture","Rīgas Franču licejs","72.05"
"","Matem.","Rīgas Franču licejs","44.96"
"","Angļu v.","Rīgas ģimnāzija ""Maksima""","80.99"
"","Fiz.","Rīgas ģimnāzija ""Maksima""","46.67"
"","Latv. val.","Rīgas ģimnāzija ""Maksima""","46.83"
"","Vēsture","Rīgas ģimnāzija ""Maksima""","78.23"
"","Matem.","Rīgas ģimnāzija ""Maksima""","33.21"
"","Angļu v.","Rīgas Hanzas vidusskola","77.72"
"","Bio.","Rīgas Hanzas vidusskola","50.33"
"","Fiz.","Rīgas Hanzas vidusskola","41.33"
"","Krievu v.","Rīgas Hanzas vidusskola","77.72"
"","Latv. val.","Rīgas Hanzas vidusskola","63.57"
"","Vēsture","Rīgas Hanzas vidusskola","69.62"
"","Matem.","Rīgas Hanzas vidusskola","32.26"
"","Angļu v.","Rīgas Imantas vidusskola","60.31"
"","Bio.","Rīgas Imantas vidusskola","43.33"
"","Krievu v.","Rīgas Imantas vidusskola","74.23"
"","Latv. val.","Rīgas Imantas vidusskola","53.98"
"","Vēsture","Rīgas Imantas vidusskola","77.82"
"","Matem.","Rīgas Imantas vidusskola","20.29"
"","Angļu v.","Rīgas Itas Kozakēvičas Poļu vidusskola","59.07"
"","Bio.","Rīgas Itas Kozakēvičas Poļu vidusskola","47.33"
"","Fiz.","Rīgas Itas Kozakēvičas Poļu vidusskola","22"
"","Krievu v.","Rīgas Itas Kozakēvičas Poļu vidusskola","85.37"
"","Ķīm.","Rīgas Itas Kozakēvičas Poļu vidusskola","30.67"
"","Latv. val.","Rīgas Itas Kozakēvičas Poļu vidusskola","49.61"
"","Matem.","Rīgas Itas Kozakēvičas Poļu vidusskola","44.73"
"","Latv. val. 9.kl.","Rīgas Itas Kozakēvičas Poļu vidusskola","74.85"
"","Angļu v.","Rīgas Jāņa Poruka vidusskola","53.96"
"","Bio.","Rīgas Jāņa Poruka vidusskola","19.33"
"","Krievu v.","Rīgas Jāņa Poruka vidusskola","70.3"
"","Latv. val.","Rīgas Jāņa Poruka vidusskola","43.78"
"","Vēsture","Rīgas Jāņa Poruka vidusskola","39.52"
"","Matem.","Rīgas Jāņa Poruka vidusskola","14.17"
"","Angļu v.","Rīgas Juglas vidusskola","76.64"
"","Bio.","Rīgas Juglas vidusskola","50.89"
"","Fiz.","Rīgas Juglas vidusskola","62.67"
"","Krievu v.","Rīgas Juglas vidusskola","80.91"
"","Latv. val.","Rīgas Juglas vidusskola","66.99"
"","Vēsture","Rīgas Juglas vidusskola","65.12"
"","Matem.","Rīgas Juglas vidusskola","46.7"
"","Angļu v.","Rīgas Katoļu ģimnāzija","75.67"
"","Bio.","Rīgas Katoļu ģimnāzija","72.67"
"","Latv. val.","Rīgas Katoļu ģimnāzija","59.94"
"","Matem.","Rīgas Katoļu ģimnāzija","25.31"
"","Angļu v.","Rīgas Klasiskā ģimnāzija","74.64"
"","Bio.","Rīgas Klasiskā ģimnāzija","74.44"
"","Fiz.","Rīgas Klasiskā ģimnāzija","51.28"
"","Ķīm.","Rīgas Klasiskā ģimnāzija","67.67"
"","Latv. val.","Rīgas Klasiskā ģimnāzija","53.19"
"","Vēsture","Rīgas Klasiskā ģimnāzija","82.86"
"","Matem.","Rīgas Klasiskā ģimnāzija","50.92"
"","Vācu val.","Rīgas Klasiskā ģimnāzija","51.12"
"","Latv. val. 9.kl.","Rīgas Klasiskā ģimnāzija","78.41"
"","Angļu v.","Rīgas Kultūru vidusskola","76.93"
"","Ķīm.","Rīgas Kultūru vidusskola","56.44"
"","Latv. val.","Rīgas Kultūru vidusskola","69.54"
"","Vēsture","Rīgas Kultūru vidusskola","70.4"
"","Matem.","Rīgas Kultūru vidusskola","32.28"
"","Angļu v.","Rīgas Ķengaraga vidusskola","57.81"
"","Bio.","Rīgas Ķengaraga vidusskola","82"
"","Fiz.","Rīgas Ķengaraga vidusskola","51.33"
"","Ķīm.","Rīgas Ķengaraga vidusskola","27.56"
"","Latv. val.","Rīgas Ķengaraga vidusskola","34.6"
"","Vēsture","Rīgas Ķengaraga vidusskola","62.5"
"","Matem.","Rīgas Ķengaraga vidusskola","36.02"
"","Latv. val. 9.kl.","Rīgas Ķengaraga vidusskola","64.9"
"","Latv. val. 9.kl.","Rīgas Lastādijas internātpamatskola","40.37"
"","Angļu v.","Rīgas Lietuviešu vidusskola","75.57"
"","Bio.","Rīgas Lietuviešu vidusskola","69.11"
"","Latv. val.","Rīgas Lietuviešu vidusskola","72.48"
"","Vēsture","Rīgas Lietuviešu vidusskola","79.84"
"","Matem.","Rīgas Lietuviešu vidusskola","51.83"
"","Angļu v.","Rīgas Mūzikas internātvidusskola","48.68"
"","Krievu v.","Rīgas Mūzikas internātvidusskola","61.34"
"","Latv. val.","Rīgas Mūzikas internātvidusskola","54.55"
"","Matem.","Rīgas Mūzikas internātvidusskola","20.88"
"","Angļu v.","Rīgas Natālijas Draudziņas vidusskola ","74.4"
"","Bio.","Rīgas Natālijas Draudziņas vidusskola ","70.56"
"","Fiz.","Rīgas Natālijas Draudziņas vidusskola ","64.33"
"","Krievu v.","Rīgas Natālijas Draudziņas vidusskola ","73.62"
"","Latv. val.","Rīgas Natālijas Draudziņas vidusskola ","69.29"
"","Vēsture","Rīgas Natālijas Draudziņas vidusskola ","57.36"
"","Matem.","Rīgas Natālijas Draudziņas vidusskola ","44.56"
"","Angļu v.","Rīgas Ostvalda vidusskola","69.65"
"","Bio.","Rīgas Ostvalda vidusskola","60.67"
"","Fiz.","Rīgas Ostvalda vidusskola","56"
"","Ķīm.","Rīgas Ostvalda vidusskola","59.6"
"","Latv. val.","Rīgas Ostvalda vidusskola","41.99"
"","Vēsture","Rīgas Ostvalda vidusskola","79.44"
"","Matem.","Rīgas Ostvalda vidusskola","51.19"
"","Latv. val. 9.kl.","Rīgas Ostvalda vidusskola","70.31"
"","Latv. val. 9.kl.","Rīgas Pārdaugavas pamatskola","60.35"
"","Angļu v.","Rīgas Purvciema vidusskola","71.23"
"","Bio.","Rīgas Purvciema vidusskola","66.22"
"","Fiz.","Rīgas Purvciema vidusskola","41"
"","Ķīm.","Rīgas Purvciema vidusskola","44.67"
"","Latv. val.","Rīgas Purvciema vidusskola","49.19"
"","Vēsture","Rīgas Purvciema vidusskola","62.9"
"","Matem.","Rīgas Purvciema vidusskola","54.5"
"","Latv. val. 9.kl.","Rīgas Purvciema vidusskola","74.25"
"","Angļu v.","Rīgas Raiņa 8. vakara (maiņu) vidusskola","70.52"
"","Bio.","Rīgas Raiņa 8. vakara (maiņu) vidusskola","57.33"
"","Krievu v.","Rīgas Raiņa 8. vakara (maiņu) vidusskola","60.41"
"","Ķīm.","Rīgas Raiņa 8. vakara (maiņu) vidusskola","26.67"
"","Latv. val.","Rīgas Raiņa 8. vakara (maiņu) vidusskola","43.39"
"","Vēsture","Rīgas Raiņa 8. vakara (maiņu) vidusskola","49.48"
"","Matem.","Rīgas Raiņa 8. vakara (maiņu) vidusskola","16.94"
"","Angļu v.","Rīgas Rīnūžu vidusskola","46.66"
"","Bio.","Rīgas Rīnūžu vidusskola","55.67"
"","Fiz.","Rīgas Rīnūžu vidusskola","30.67"
"","Ķīm.","Rīgas Rīnūžu vidusskola","60.67"
"","Latv. val.","Rīgas Rīnūžu vidusskola","37.46"
"","Matem.","Rīgas Rīnūžu vidusskola","44.86"
"","Latv. val. 9.kl.","Rīgas Rīnūžu vidusskola","63.25"
"","Angļu v.","Rīgas Sergeja Žoltoka vidusskola","54.53"
"","Fiz.","Rīgas Sergeja Žoltoka vidusskola","29.33"
"","Latv. val.","Rīgas Sergeja Žoltoka vidusskola","44.18"
"","Matem.","Rīgas Sergeja Žoltoka vidusskola","34.9"
"","Latv. val. 9.kl.","Rīgas Sergeja Žoltoka vidusskola","63.77"
"","Latv. val. 9.kl.","Rīgas Starptautiskā skola","62"
"","Angļu v.","Rīgas Tālmācības vidusskola","66.16"
"","Bio.","Rīgas Tālmācības vidusskola","39.93"
"","Fiz.","Rīgas Tālmācības vidusskola","26.4"
"","Krievu v.","Rīgas Tālmācības vidusskola","59.34"
"","Ķīm.","Rīgas Tālmācības vidusskola","43.33"
"","Latv. val.","Rīgas Tālmācības vidusskola","50.96"
"","Vēsture","Rīgas Tālmācības vidusskola","46"
"","Matem.","Rīgas Tālmācības vidusskola","20.84"
"","Vācu val.","Rīgas Tālmācības vidusskola","87.88"
"","Angļu v.","Rīgas Teikas vidusskola","75.72"
"","Bio.","Rīgas Teikas vidusskola","72.87"
"","Fiz.","Rīgas Teikas vidusskola","32.95"
"","Krievu v.","Rīgas Teikas vidusskola","76.67"
"","Ķīm.","Rīgas Teikas vidusskola","48.22"
"","Latv. val.","Rīgas Teikas vidusskola","63.77"
"","Vēsture","Rīgas Teikas vidusskola","68.95"
"","Matem.","Rīgas Teikas vidusskola","41.65"
"","Angļu v.","Rīgas Ukraiņu vidusskola","70.33"
"","Bio.","Rīgas Ukraiņu vidusskola","58"
"","Fiz.","Rīgas Ukraiņu vidusskola","76"
"","Krievu v.","Rīgas Ukraiņu vidusskola","86.1"
"","Ķīm.","Rīgas Ukraiņu vidusskola","32"
"","Latv. val.","Rīgas Ukraiņu vidusskola","40.98"
"","Matem.","Rīgas Ukraiņu vidusskola","30.86"
"","Latv. val. 9.kl.","Rīgas Ukraiņu vidusskola","65.67"
"","Angļu v.","Rīgas vakara ģimnāzija","48.24"
"","Bio.","Rīgas vakara ģimnāzija","46.44"
"","Krievu v.","Rīgas vakara ģimnāzija","65.47"
"","Latv. val.","Rīgas vakara ģimnāzija","34.7"
"","Vēsture","Rīgas vakara ģimnāzija","37.96"
"","Matem.","Rīgas vakara ģimnāzija","22.24"
"","Latv. val. 9.kl.","Rīgas vakara ģimnāzija","53.67"
"","Angļu v.","Rīgas Valsts 1. ģimnāzija","90.81"
"","Bio.","Rīgas Valsts 1. ģimnāzija","78.25"
"","Fiz.","Rīgas Valsts 1. ģimnāzija","73.87"
"","Krievu v.","Rīgas Valsts 1. ģimnāzija","91.17"
"","Ķīm.","Rīgas Valsts 1. ģimnāzija","83.41"
"","Latv. val.","Rīgas Valsts 1. ģimnāzija","77.87"
"","Vēsture","Rīgas Valsts 1. ģimnāzija","82.58"
"","Matem.","Rīgas Valsts 1. ģimnāzija","83.29"
"","Vācu val.","Rīgas Valsts 1. ģimnāzija","70.26"
"","Angļu v.","Rīgas Valsts 2. ģimnāzija","84.04"
"","Bio.","Rīgas Valsts 2. ģimnāzija","69.47"
"","Fiz.","Rīgas Valsts 2. ģimnāzija","54.75"
"","Krievu v.","Rīgas Valsts 2. ģimnāzija","89.42"
"","Ķīm.","Rīgas Valsts 2. ģimnāzija","66.22"
"","Latv. val.","Rīgas Valsts 2. ģimnāzija","78.97"
"","Vēsture","Rīgas Valsts 2. ģimnāzija","78.57"
"","Matem.","Rīgas Valsts 2. ģimnāzija","65.53"
"","Vācu val.","Rīgas Valsts 2. ģimnāzija","89.3"
"","Angļu v.","Rīgas Valsts 3. ģimnāzija","80.53"
"","Bio.","Rīgas Valsts 3. ģimnāzija","74.91"
"","Fiz.","Rīgas Valsts 3. ģimnāzija","65.78"
"","Krievu v.","Rīgas Valsts 3. ģimnāzija","86.7"
"","Ķīm.","Rīgas Valsts 3. ģimnāzija","76.22"
"","Latv. val.","Rīgas Valsts 3. ģimnāzija","72.87"
"","Vēsture","Rīgas Valsts 3. ģimnāzija","69.35"
"","Matem.","Rīgas Valsts 3. ģimnāzija","63.35"
"","Vācu val.","Rīgas Valsts 3. ģimnāzija","55.92"
"","Angļu v.","Rīgas Valsts vācu ģimnāzija","81.17"
"","Bio.","Rīgas Valsts vācu ģimnāzija","65.02"
"","Fiz.","Rīgas Valsts vācu ģimnāzija","47.58"
"","Krievu v.","Rīgas Valsts vācu ģimnāzija","76.22"
"","Ķīm.","Rīgas Valsts vācu ģimnāzija","57.25"
"","Latv. val.","Rīgas Valsts vācu ģimnāzija","68.87"
"","Vēsture","Rīgas Valsts vācu ģimnāzija","68.7"
"","Matem.","Rīgas Valsts vācu ģimnāzija","41.7"
"","Vācu val.","Rīgas Valsts vācu ģimnāzija","74.05"
"","Angļu v.","Rīgas Zolitūdes ģimnāzija","71.28"
"","Bio.","Rīgas Zolitūdes ģimnāzija","69"
"","Fiz.","Rīgas Zolitūdes ģimnāzija","63.78"
"","Ķīm.","Rīgas Zolitūdes ģimnāzija","55.07"
"","Latv. val.","Rīgas Zolitūdes ģimnāzija","45.65"
"","Vēsture","Rīgas Zolitūdes ģimnāzija","61.69"
"","Matem.","Rīgas Zolitūdes ģimnāzija","51.93"
"","Latv. val. 9.kl.","Rīgas Zolitūdes ģimnāzija","72.82"
"","Angļu v.","Š. Dubnova Rīgas Ebreju vidusskola","73.7"
"","Fiz.","Š. Dubnova Rīgas Ebreju vidusskola","32.33"
"","Latv. val.","Š. Dubnova Rīgas Ebreju vidusskola","39.29"
"","Matem.","Š. Dubnova Rīgas Ebreju vidusskola","42.97"
"","Latv. val. 9.kl.","Š. Dubnova Rīgas Ebreju vidusskola","72.97"
"","Angļu v.","Tālmācības vidusskola ""Rīgas Komercskola""","70.24"
"","Krievu v.","Tālmācības vidusskola ""Rīgas Komercskola""","72.25"
"","Vācu val.","Tālmācības vidusskola ""Rīgas Komercskola""","89.53"
"","Bio.","Tālmācības vidusskola ""Rīgas Komercskola""","68.67"
"","Fiz.","Tālmācības vidusskola ""Rīgas Komercskola""","54.67"
"","Krievu v.","Tālmācības vidusskola ""Rīgas Komercskola""","58.98"
"","Latv. val.","Tālmācības vidusskola ""Rīgas Komercskola""","51.09"
"","Vēsture","Tālmācības vidusskola ""Rīgas Komercskola""","53.02"
"","Matem.","Tālmācības vidusskola ""Rīgas Komercskola""","29.03"